MetName	Module	Entry Index	Average Degree	Degree
Met_91: PC ae C42:2	1	78	0.9333758619724384	0.9617067111316484
Met_57: PC aa C42:2	1	46	0.9333758619724384	0.9462643363730914
Met_38: PC aa C36:1	1	32	0.9333758619724384	0.9428433246867972
Met_50: PC aa C40:1	1	40	0.9333758619724384	0.9288413158963512
Met_90: PC ae C42:1	1	77	0.9333758619724384	0.917467261839304
Met_59: PC aa C42:5	1	48	0.9333758619724384	0.903132221907439
Met_19: lysoPC a C16:0	2	16	0.9001869096136316	0.9337371190988332
Met_22: lysoPC a C18:0	2	19	0.9001869096136316	0.9258760913645911
Met_24: lysoPC a C20:4	2	21	0.9001869096136316	0.9248054469051844
Met_23: lysoPC a C18:1	2	20	0.9001869096136316	0.9113264124100964
Met_20: lysoPC a C16:1	2	17	0.9001869096136316	0.8641638238856357
Met_98: H1	2	85	0.9001869096136316	0.8412125640174484
Met_41: PC aa C36:4	3	34	0.8524609740249076	0.9057504547820648
Met_48: PC aa C38:5	3	38	0.8524609740249076	0.9003771870545645
Met_75: PC ae C36:5	3	62	0.8524609740249076	0.8903843031816119
Met_6: SM C16:1	3	5	0.8524609740249076	0.809835301980939
Met_33: PC aa C34:1	3	28	0.8524609740249076	0.7559576231253575
Met_92: PC ae C42:3	4	79	0.8509336856058382	0.9180258985786404
Met_76: PC ae C38:0	4	63	0.8509336856058382	0.9064884827043368
Met_49: PC aa C38:6	4	39	0.8509336856058382	0.8779108138801505
Met_42: PC aa C36:5	4	35	0.8509336856058382	0.8739577248451331
Met_12: SM C26:1	4	11	0.8509336856058382	0.8414510985804701
Met_27: PC aa C28:1	4	24	0.8509336856058382	0.8205189081695906
Met_65: PC ae C32:2	4	54	0.8509336856058382	0.7181828724825463
Met_47: PC aa C38:4	5	37	0.8402284698558968	0.8850416674438231
Met_28: PC aa C30:0	5	25	0.8402284698558968	0.8679367546127514
Met_8: SM C18:1	5	7	0.8402284698558968	0.8453524667752743
Met_64: PC ae C32:1	5	53	0.8402284698558968	0.8387277804804096
Met_61: PC ae C30:0	5	50	0.8402284698558968	0.7640836799672259
Met_78: PC ae C38:2	6	65	0.7764813962419844	0.8720847128936371
Met_51: PC aa C40:2	6	41	0.7764813962419844	0.8682934900795855
Met_84: PC ae C40:2	6	71	0.7764813962419844	0.8612130185540688
Met_77: PC ae C38:1	6	64	0.7764813962419844	0.8610125668642724
Met_79: PC ae C38:3	6	66	0.7764813962419844	0.8555207077451457
Met_11: SM C24:1	6	10	0.7764813962419844	0.846318122237164
Met_52: PC aa C40:3	6	42	0.7764813962419844	0.8452111461374496
Met_71: PC ae C36:1	6	59	0.7764813962419844	0.8329423486367453
Met_85: PC ae C40:3	6	72	0.7764813962419844	0.822772235660299
Met_72: PC ae C36:2	6	60	0.7764813962419844	0.7963151042173789
Met_3: SM (OH) C22:2	6	3	0.7764813962419844	0.7535435095578309
Met_93: PC ae C42:4	6	80	0.7764813962419844	0.7214734952299231
Met_10: SM C24:0	6	9	0.7764813962419844	0.6599215669876893
Met_9: SM C22:3	6	8	0.7764813962419844	0.2741175225865906
Met_94: PC ae C44:3	7	81	0.3150212626789238	0.3986247268955194
Met_96: PC ae C44:5	7	83	0.3150212626789238	0.3969776997967149
Met_16: C18:1	7	13	0.3150212626789238	0.3947478360999712
Met_66: PC ae C34:0	7	55	0.3150212626789238	0.3895189045805223
Met_18: C2	7	15	0.3150212626789238	0.3799138562793936
Met_86: PC ae C40:4	7	73	0.3150212626789238	0.3747096701955846
Met_62: PC ae C30:1	7	51	0.3150212626789238	0.3717011677070221
Met_34: PC aa C34:2	7	29	0.3150212626789238	0.3714884159870293
Met_14: C16:1	7	12	0.3150212626789238	0.3714055661341884
Met_83: PC ae C40:1	7	70	0.3150212626789238	0.3703992696039968
Met_95: PC ae C44:4	7	82	0.3150212626789238	0.3700374137710739
Met_29: PC aa C32:0	7	26	0.3150212626789238	0.3689210581725877
Met_25: lysoPC a C24:0	7	22	0.3150212626789238	0.3642583563407381
Met_74: PC ae C36:4	7	61	0.3150212626789238	0.3626436040366409
Met_21: lysoPC a C17:0	7	18	0.3150212626789238	0.360880018322285
Met_58: PC aa C42:4	7	47	0.3150212626789238	0.3587763559089905
Met_70: PC ae C36:0	7	58	0.3150212626789238	0.3583211151991389
Met_53: PC aa C40:4	7	43	0.3150212626789238	0.3572111857608671
Met_80: PC ae C38:4	7	67	0.3150212626789238	0.3525812501660661
Met_35: PC aa C34:3	7	30	0.3150212626789238	0.3507522825795315
Met_54: PC aa C40:5	7	44	0.3150212626789238	0.3506151093732345
Met_110: Glutamate	7	96	0.3150212626789238	0.3496209312625828
Met_87: PC ae C40:5	7	74	0.3150212626789238	0.3477621885088969
Met_81: PC ae C38:5	7	68	0.3150212626789238	0.3436411379442138
Met_37: PC aa C36:0	7	31	0.3150212626789238	0.3420495837979929
Met_88: PC ae C40:6	7	75	0.3150212626789238	0.3420426131738823
Met_17: C18:2	7	14	0.3150212626789238	0.3383919680410165
Met_112: Histidine	7	98	0.3150212626789238	0.3377092226001701
Met_119: NTyr	7	104	0.3150212626789238	0.3364103959951948
Met_125: Serotonin	7	110	0.3150212626789238	0.3331858364805271
Met_40: PC aa C36:3	7	33	0.3150212626789238	0.3288093743451611
Met_69: PC ae C34:3	7	57	0.3150212626789238	0.3270162387413658
Met_60: PC aa C42:6	7	49	0.3150212626789238	0.3251096765628331
Met_108: Dopamine	7	94	0.3150212626789238	0.3225084356918193
Met_82: PC ae C38:6	7	69	0.3150212626789238	0.3219892549111809
Met_63: PC ae C30:2	7	52	0.3150212626789238	0.3199550086689514
Met_99: Ala	7	86	0.3150212626789238	0.3188121694591882
Met_7: SM C18:0	7	6	0.3150212626789238	0.318387626155352
Met_109: Glutamine	7	95	0.3150212626789238	0.317486604284576
Met_128: Taurine	7	113	0.3150212626789238	0.3167779712264262
Met_89: PC ae C42:0	7	76	0.3150212626789238	0.3165786835581617
Met_67: PC ae C34:1	7	56	0.3150212626789238	0.3149043966903515
Met_102: Asn	7	89	0.3150212626789238	0.3147154036316336
Met_55: PC aa C40:6	7	45	0.3150212626789238	0.3098367513720656
Met_1: SM (OH) C16:1	7	1	0.3150212626789238	0.3049510956113579
Met_115: Kynurenine	7	101	0.3150212626789238	0.3024843362390532
Met_2: SM (OH) C22:1	7	2	0.3150212626789238	0.2955910890238065
Met_127: Spermine	7	112	0.3150212626789238	0.2906815570554906
Met_122: Pro	7	107	0.3150212626789238	0.2900035845348153
Met_100: ADMA	7	87	0.3150212626789238	0.2891318323258832
Met_117: Lys	7	102	0.3150212626789238	0.2857424597012428
Met_26: lysoPC a C28:1	7	23	0.3150212626789238	0.2828496821869945
Met_32: PC aa C32:3	7	27	0.3150212626789238	0.2800326854943412
Met_46: PC aa C38:3	7	36	0.3150212626789238	0.2796928350527959
Met_130: Tyr	7	114	0.3150212626789238	0.2772166932246724
Met_104: Carnosine	7	91	0.3150212626789238	0.2767360571889957
Met_4: SM (OH) C24:1	7	4	0.3150212626789238	0.2761538635372025
Met_106: Creatinin	7	92	0.3150212626789238	0.2720912738477458
Met_107: DOPA	7	93	0.3150212626789238	0.2637314606833687
Met_118: Met	7	103	0.3150212626789238	0.2614486961840639
Met_97: PC ae C44:6	7	84	0.3150212626789238	0.2603278808954294
Met_120: Orn	7	105	0.3150212626789238	0.2600064876600571
Met_113: Histamine	7	99	0.3150212626789238	0.2547447390708836
Met_101: Arg	7	88	0.3150212626789238	0.2471563869172933
Met_131: Val	7	115	0.3150212626789238	0.246773257684939
Met_103: Asp	7	90	0.3150212626789238	0.2396439182006542
Met_123: Putrescine	7	108	0.3150212626789238	0.2371819605398975
Met_126: Spermidine	7	111	0.3150212626789238	0.2287691788639217
Met_124: Ser	7	109	0.3150212626789238	0.2273056864886219
Met_121: Phe	7	106	0.3150212626789238	0.2260691251422844
Met_114: Ile	7	100	0.3150212626789238	0.2081020765219886
Met_111: Gly	7	97	0.3150212626789238	0.1987246769900753
